{
  "vertexdata": [
      -97, -180,  163,  -0.57735027, -0.57735027, 0.57735027,  0, 0,
       97, -180,  163,  0.57735027, -0.57735027, 0.57735027,  0, 0,
      -97,  181,  163,  -0.57735027, 0.57735027, 0.57735027,  0, 0,
       97,  181,  163,  0.57735027, 0.57735027, 0.57735027,  0, 0,
      -97, -180, -2,  -0.57735027, -0.57735027, -0.57735027,  0, 0,
       97, -180, -2,  0.57735027, -0.57735027, -0.57735027,  0, 0,
      -97,  181, -2,  -0.57735027, 0.57735027, -0.57735027,  0, 0,
       97,  181, -2,  0.57735027, 0.57735027, -0.57735027,  0, 0
  ],
  "indexdata": [
      0, 1, 3,
      0, 3, 2,
      0, 1, 5,
      0, 5, 4,
      0, 4, 6,
      0, 6, 2,
      7, 3, 2,
      7, 2, 6,
      7, 6, 4,
      7, 4, 5,
      7, 3, 1,
      7, 1, 5
  ],
  "groups": {
    "Front": [0, 2],
    "Bottom": [2, 4],
    "Left": [4, 6],
    "Top": [6, 8],
    "Back": [8, 10],
    "Right": [10, 12]
  }
}
